{"resourceType":"OperationDefinition","id":"dpc-operation-group-remove","text":{"status":"generated","div":"<div xmlns=\"http://www.w3.org/1999/xhtml\"><h2>Remove Members from Attribution Roster</h2><p>OPERATION: Remove Members from Attribution Roster</p><p>The official URL for this operation definition is: </p><pre>https://dpc.cms.gov/api/v1/OperationDefinition/dpc-operation-group-remove</pre><div><p>Remove members in the provided in the Group resource from the existing membership list.</p>\n</div><p>URL: [base]/Group/[id]/$remove</p><p>Parameters</p><table class=\"grid\"><tr><td><b>Use</b></td><td><b>Name</b></td><td><b>Cardinality</b></td><td><b>Type</b></td><td><b>Binding</b></td><td><b>Documentation</b></td></tr><tr><td>IN</td><td>resource</td><td>1..1</td><td><a href=\"http://hl7.org/fhir/STU3/group.html\">Group</a></td><td/><td><div><p>Group of members to remove from existing resource</p>\n</div></td></tr><tr><td>OUT</td><td>return</td><td>1..1</td><td><a href=\"http://hl7.org/fhir/STU3/group.html\">Group</a></td><td/><td><div><p>Updated group resource.</p>\n</div></td></tr></table></div>"},"url":"https://dpc.cms.gov/api/v1/OperationDefinition/dpc-operation-group-remove","version":"0.0.1","name":"Remove Members from Attribution Roster","status":"draft","kind":"operation","date":"2019-10-16T16:12:10-04:00","publisher":"The DPC Team","description":"Remove members in the provided in the Group resource from the existing membership list.","code":"remove","resource":["Group"],"system":false,"type":false,"instance":true,"parameter":[{"name":"resource","use":"in","min":1,"max":"1","documentation":"Group of members to remove from existing resource","type":"Group"},{"name":"return","use":"out","min":1,"max":"1","documentation":"Updated group resource.","type":"Group"}]}