{
	"id": "a2346562-26f5-4a4a-b9fe-993034bdc2c8",
	"name": "Data at the Point of Care Sandbox",
	"values": [
		{
			"key": "baseUrl",
			"value": "https://sandbox.dpc.cms.gov",
			"enabled": true
		},
		{
			"key": "client_token",
			"value": "",
			"enabled": true
		},
		{
			"key": "PUBLIC_KEY",
			"value": "",
			"enabled": true
		},
		{
			"key": "public-key-signature",
			"value": "",
			"enabled": true
		},
		{
			"key": "public-key-label",
			"value": "Test Public Key",
			"enabled": true
		},
		{
			"key": "PRIVATE_KEY",
			"value": "",
			"enabled": true
		},
		{
			"key": "key_id",
			"value": "",
			"enabled": true
		},
		{
			"key": "jwt_token",
			"value": "",
			"enabled": true
		},
		{
			"key": "access_token",
			"value": "",
			"enabled": true
		},
		{
			"key": "attestationHeader",
			"value": "{\"resourceType\":\"Provenance\",\"recorded\":\"2020-06-03T16:44:45.008Z\",\"reason\":[{\"system\":\"http://hl7.org/fhir/v3/ActReason\",\"code\":\"TREAT\"}],\"agent\":[{\"role\":[{\"coding\":[{\"system\":\"http://hl7.org/fhir/v3/RoleClass\",\"code\":\"AGNT\"}]}],\"whoReference\":{\"reference\":\"Organization/351fbb5f-f2f9-4094-bc6f-2b3600bb56e9\"},\"onBehalfOfReference\":{\"reference\":\"Practitioner/0c527d2e-2e8a-4808-b11d-0fa06baf8254\"}}]}",
			"enabled": true
		},
		{
			"key": "practitioner-id",
			"value": "0c527d2e-2e8a-4808-b11d-0fa06baf8254",
			"enabled": true
		},
		{
			"key": "provider_npi",
			"value": "1234329724",
			"enabled": true
		},
		{
			"key": "group-id",
			"value": "9aed444d-e9e4-4dfe-a7fa-044189b88116",
			"enabled": true
		},
		{
			"key": "patient-id",
			"value": "995a1c0f-b6bc-4d16-b6b0-b8a6597c6e1d",
			"enabled": true
		},
		{
			"key": "job-id",
			"value": "",
			"enabled": true
		},
		{
			"key": "file_name",
			"value": "",
			"enabled": true
		},
		{
			"key": "patient_mbi",
			"value": "4S41C00AA00",
			"enabled": true
		},
		{
			"key": "organization-id",
			"value": "351fbb5f-f2f9-4094-bc6f-2b3600bb56e9",
			"enabled": true
		}
	],
	"_postman_variable_scope": "environment",
	"_postman_exported_at": "2020-09-24T18:58:46.952Z",
	"_postman_exported_using": "Postman/7.33.0"
}