{
  "resourceType": "ImplementationGuide",
  "id": "cms-dpc-ig",
  "meta": {
    "versionId": "8",
    "lastUpdated": "2019-07-16T14:49:27.000-04:00"
  },
  "text": {
    "status": "generated",
    "div": "<div xmlns=\"http://www.w3.org/1999/xhtml\"><h2>Data @ the Point of Care Implementation Guide</h2><p>The official URL for this implementation guide is: </p><pre>https://dpc.cms.gov/fhir/v1/ImplementationGuide/cms-dpc-ig</pre><div><p>Draft implementation guide for DPC Application</p>\n</div></div>"
  },
  "url": "https://dpc.cms.gov/fhir/v1/ImplementationGuide/cms-dpc-ig",
  "name": "Data @ the Point of Care Implementation Guide",
  "status": "draft",
  "experimental": false,
  "publisher": "Centers for Medicare and Medicaid Services",
  "description": "Draft implementation guide for DPC Application",
  "fhirVersion": "3.0.1",
  "package": [
    {
      "id": "p1",
      "name": "Profiles in this implementation guide",
      "resource": [
        {
          "extension": [
            {
              "url": "http://hl7.org/fhir/tools/StructureDefinition/resource-information",
              "valueString": "Organization"
            },
            {
              "url": "http://hl7.org/fhir/StructureDefinition/implementationguide-page",
              "valueUri": "Organization-organization.html"
            }
          ],
          "example": true,
          "sourceReference": {
            "reference": "Organization/organization",
            "display": "organization.json"
          }
        },
        {
          "extension": [
            {
              "url": "http://hl7.org/fhir/tools/StructureDefinition/resource-information",
              "valueString": "Practitioner"
            },
            {
              "url": "http://hl7.org/fhir/StructureDefinition/implementationguide-page",
              "valueUri": "Practitioner-practitioner.html"
            }
          ],
          "example": true,
          "sourceReference": {
            "reference": "Practitioner/practitioner",
            "display": "practitioner.json"
          }
        },
        {
          "extension": [
            {
              "url": "http://hl7.org/fhir/tools/StructureDefinition/resource-information",
              "valueString": "Group"
            },
            {
              "url": "http://hl7.org/fhir/StructureDefinition/implementationguide-page",
              "valueUri": "Group-group.html"
            }
          ],
          "example": true,
          "sourceReference": {
            "reference": "Group/group",
            "display": "group.json"
          }
        },
        {
          "extension": [
            {
              "url": "http://hl7.org/fhir/tools/StructureDefinition/resource-information",
              "valueString": "Endpoint"
            },
            {
              "url": "http://hl7.org/fhir/StructureDefinition/implementationguide-page",
              "valueUri": "Endpoint-endpoint.html"
            }
          ],
          "example": true,
          "sourceReference": {
            "reference": "Endpoint/endpoint",
            "display": "endpoint.json"
          }
        },
        {
          "extension": [
            {
              "url": "http://hl7.org/fhir/tools/StructureDefinition/resource-information",
              "valueString": "StructureDefinition:complex-type"
            },
            {
              "url": "http://hl7.org/fhir/StructureDefinition/implementationguide-page",
              "valueUri": "StructureDefinition-dpc-profile-address.html"
            }
          ],
          "example": false,
          "sourceReference": {
            "reference": "StructureDefinition/dpc-profile-address",
            "display": "DPCAddress.json"
          }
        },
        {
          "extension": [
            {
              "url": "http://hl7.org/fhir/tools/StructureDefinition/resource-information",
              "valueString": "StructureDefinition:resource"
            },
            {
              "url": "http://hl7.org/fhir/StructureDefinition/implementationguide-page",
              "valueUri": "StructureDefinition-dpc-profile-endpoint.html"
            }
          ],
          "example": false,
          "sourceReference": {
            "reference": "StructureDefinition/dpc-profile-endpoint",
            "display": "DPCEndpoint.json"
          }
        },
        {
          "extension": [
            {
              "url": "http://hl7.org/fhir/tools/StructureDefinition/resource-information",
              "valueString": "StructureDefinition:resource"
            },
            {
              "url": "http://hl7.org/fhir/StructureDefinition/implementationguide-page",
              "valueUri": "StructureDefinition-dpc-profile-organization.html"
            }
          ],
          "example": false,
          "sourceReference": {
            "reference": "StructureDefinition/dpc-profile-organization",
            "display": "DPCOrganization.json"
          }
        },
        {
          "extension": [
            {
              "url": "http://hl7.org/fhir/tools/StructureDefinition/resource-information",
              "valueString": "StructureDefinition:resource"
            },
            {
              "url": "http://hl7.org/fhir/StructureDefinition/implementationguide-page",
              "valueUri": "StructureDefinition-dpc-profile-patient.html"
            }
          ],
          "example": false,
          "sourceReference": {
            "reference": "StructureDefinition/dpc-profile-patient",
            "display": "DPCPatient.json"
          }
        },
        {
          "extension": [
            {
              "url": "http://hl7.org/fhir/tools/StructureDefinition/resource-information",
              "valueString": "StructureDefinition:resource"
            },
            {
              "url": "http://hl7.org/fhir/StructureDefinition/implementationguide-page",
              "valueUri": "StructureDefinition-dpc-profile-practitioner.html"
            }
          ],
          "example": false,
          "sourceReference": {
            "reference": "StructureDefinition/dpc-profile-practitioner",
            "display": "DPCPractitioner.json"
          }
        },
        {
          "extension": [
            {
              "url": "http://hl7.org/fhir/tools/StructureDefinition/resource-information",
              "valueString": "CapabilityStatement"
            }
          ],
          "example": false,
          "sourceReference": {
            "reference": "CapabilityStatement/dpc-capabilities-statement",
            "display": "capabilities.json"
          }
        }
      ]
    }
  ]
}